ticker,current_price,market_cap,enterprise_value,ev_ebitda,pe_ratio,price_to_book,total_debt,debt_to_equity,free_cashflow,current_ratio,revenue_growth,profit_margins,roe,beta
360ONE.NS,1131.7,458403807232.0,570892615680.0,22.825,40.885113,4.8961453,137646702592.0,147.235,-21868011520.0,3.157,0.244,0.28559,0.16991,0.308
3MINDIA.NS,34135.0,384533168128.0,384443187200.0,44.018,69.50581,23.877775,1033188992.0,6.416,5096061952.0,2.281,0.14,0.11665,0.33832002,-0.085
ABB.NS,5202.0,1102698381312.0,1039452209152.0,49.544,62.32926,15.321225,732200000.0,1.018,,,0.137,0.13557,,0.537
ACC.NS,1778.3,334152564736.0,336667705344.0,9.903,10.037819,1.6753198,4854400000.0,2.435,-30405763072.0,2.018,0.286,0.13936,0.18207,0.014
ACMESOLAR.NS,224.1,135737679872.0,227119923200.0,14.004,28.140703,2.8360174,129977016320.0,271.784,-17938116608.0,1.361,0.585,0.26525,0.14244,
AIAENG.NS,3644.8,340134068224.0,302225260544.0,25.55,30.194681,4.617014,10218634240.0,13.852,5918672384.0,5.327,0.003,0.26146,0.16348,0.153
APLAPOLLO.NS,1712.1,475509784576.0,475836841984.0,30.05,45.24577,10.321691,7154699776.0,15.534,7343750144.0,1.279,0.091,0.04918,0.2481,0.294
AUBANK.NS,978.05,729058836480.0,771281584128.0,,33.58688,3.9826288,103190421504.0,,,,0.061,0.24002,0.12654,0.307
AWL.NS,248.3,321618771968.0,313074778112.0,13.692,29.630072,3.245794,10959699968.0,11.063,1042587520.0,1.198,0.217,0.015520001,0.115059994,-0.315
AADHARHFC.NS,483.15,209584259072.0,367231631360.0,,21.588472,3.031434,176049897472.0,255.35,,45.2,0.169,0.48246,0.15477,
AARTIIND.NS,354.3,128518406144.0,166915604480.0,16.797,44.2875,2.2594078,39729999872.0,69.555,-2077474944.0,0.781,0.291,0.038429998,0.05215,0.418
AAVAS.NS,1553.7,123021205504.0,246740779008.0,,20.589716,2.6279867,144126410752.0,307.971,,1138.982,0.175,0.42273998,0.13823,0.362
ABBOTINDIA.NS,28030.0,595617906688.0,573085777920.0,32.32,39.43333,14.85052,1824499968.0,4.549,15935850496.0,2.755,0.076,0.22473,0.40068,0.032
ACE.NS,923.7,109934338048.0,107076182016.0,21.415,26.286283,6.164329,1426899968.0,8.005,1536851072.0,1.267,-0.016,0.12932,0.26391,0.304
ADANIENSOL.NS,991.4,1190951649280.0,1583974055936.0,17.683,52.566277,5.098798,455449903104.0,186.654,-88445198336.0,1.33,0.067,0.08803,0.10536,0.741
ADANIENT.NS,2236.0,2665117908992.0,3601805344768.0,28.401,34.506172,5.017841,1094649315328.0,177.767,-333492060160.0,0.967,-0.06,0.08424,0.15823,0.579
ADANIGREEN.NS,999.5,1646352662528.0,2553604997120.0,25.508,84.132996,8.734445,881529978880.0,296.223,-250283753472.0,0.642,-0.015,0.16327,0.089779995,0.806
ADANIPORTS.NS,1503.9,3248864362496.0,3720251965440.0,18.125,27.131517,4.84404,568506974208.0,81.556,5816937472.0,1.113,0.297,0.34416,0.18591999,0.352
ADANIPOWER.NS,140.43,2708149633024.0,3117849509888.0,15.023,22.983631,4.6366425,484636884992.0,81.251,-29167724544.0,1.579,0.009,0.21688999,0.19976999,0.36
ATGL.NS,585.9,644378722304.0,660497235968.0,59.701,102.60946,14.257904,20070699008.0,44.513,-436487488.0,0.609,0.191,0.114479996,0.14863,0.586
ABCAPITAL.NS,360.0,941676953600.0,2462088429568.0,,29.079159,2.9258301,1571729440768.0,459.779,,67.394,-0.031,0.11038,0.10341,0.6
ABFRL.NS,74.94,91142742016.0,130858082304.0,-31.389,,1.4544114,56652398592.0,84.682,9007462400.0,1.433,-0.456,-0.07028,-0.14866,-0.4
ABLBL.NS,129.87,157946986496.0,190812864512.0,30.396,,12.227661,34960297984.0,266.809,,0.951,0.037,0.01835,,
ABREL.NS,1646.4,182000533504.0,225052950528.0,-104.394,,4.7948976,54899101696.0,144.576,-24928362496.0,1.577,-0.913,-0.2498,-0.070300005,0.348
ABSLAMC.NS,735.0,212201127936.0,210459443200.0,15.997,21.914131,5.9527664,687500032.0,1.929,8428212736.0,1.202,-0.026,0.47306,0.28410998,0.223
AEGISLOG.NS,737.0,258855911424.0,281155928064.0,24.858,36.074398,4.3520107,24387799040.0,28.45,725007104.0,3.02,0.311,0.096540004,0.13468,0.622
AEGISVOPAK.NS,244.0,270349942784.0,286534959104.0,63.948,193.6508,5.664144,20043796480.0,42.268,,1.042,0.262,0.26878,,
AFCONS.NS,396.3,145753047040.0,174988345344.0,12.412,29.011713,2.719898,35652300800.0,66.143,-7659825152.0,1.336,0.01,0.03929,0.10935,
AFFLE.NS,1642.9,230864863232.0,217543589888.0,46.412,54.964874,7.076128,384340000.0,1.18,-633918720.0,3.614,0.191,0.16966,0.14091,0.483
AJANTPHARM.NS,2631.7,328909225984.0,324622352384.0,24.255,33.72245,7.618267,2458899968.0,5.698,2070749952.0,2.926,0.141,0.19579001,0.24365999,0.202
AKUMS.NS,423.45,64911839232.0,49862230016.0,11.465,20.328854,2.0618782,902870016.0,2.85,2650558720.0,3.954,-0.015,0.07713,0.107489996,
AKZOINDIA.NS,3570.5,162601680896.0,158034640896.0,28.547,8.168612,7.2098103,712000000.0,3.157,-11157125120.0,1.422,-0.15,0.51008,1.08163,0.208
APLLTD.NS,886.05,174164754432.0,187002372096.0,16.846,27.406431,3.2731564,14887199744.0,28.004,-3130174976.0,1.593,0.159,0.08956,0.12380999,0.424
ALKEM.NS,5614.0,671237931008.0,646037897216.0,23.405,28.406618,5.029276,23555999744.0,17.056,7593399808.0,2.486,0.172,0.16997999,0.18741,0.314
ALKYLAMINE.NS,1602.6,81963335680.0,81082703872.0,27.297,45.05482,5.8432965,55264000.0,0.394,,,0.015,0.11833,,0.339
ALOKINDS.NS,16.16,80284606464.0,337445912576.0,-1020.09,,-0.37838343,260065099776.0,,229924992.0,0.771,0.063,-0.18464,,-0.039
ARE&M.NS,933.9,170927390720.0,172737560576.0,12.07,18.966288,2.208663,3098899968.0,4.005,-4706587648.0,1.772,0.067,0.06827,0.12014,0.615
AMBER.NS,6544.5,230183419904.0,250126811136.0,33.227,100.66912,6.3057218,27934056448.0,74.27,-11960876032.0,1.224,-0.022,0.02031,0.077810004,-0.241
AMBUJACEM.NS,530.3,1311037980672.0,1449913221120.0,20.493,23.116825,2.330487,12707200000.0,1.829,-24519925760.0,1.074,0.221,0.14648,0.11124,-0.15
ANANDRATHI.NS,2889.9,240080257024.0,231534231552.0,46.988,69.93949,29.519197,815720000.0,9.912,2653833472.0,3.155,0.231,0.31888,0.49627998,0.45
ANANTRAJ.NS,505.6,181953773568.0,176825827328.0,29.83,35.11111,3.9446995,5634699776.0,12.727,4179437056.0,4.953,0.23,0.21459,0.119169995,0.215
ANGELONE.NS,2535.0,230223200256.0,159487328256.0,,30.254267,3.9485369,44543000576.0,76.349,,1.639,-0.23,0.17891,0.14078,-0.162
APARINDS.NS,8751.0,352045367296.0,357307482112.0,20.474,37.45987,7.244091,7035599872.0,14.499,-2439350016.0,1.495,0.231,0.045289997,0.20971,-0.425
APOLLOHOSP.NS,7037.0,1011812597760.0,1062140641280.0,34.256,60.398247,11.126518,79872000000.0,83.606,3821250048.0,1.641,0.128,0.07186,0.19795,0.157
APOLLOTYRE.NS,515.5,326717440000.0,366466531328.0,11.215,41.24,2.1041846,45184098304.0,29.09,12266497024.0,1.259,0.061,0.02964,0.05313,0.23
APTUS.NS,292.0,146263425024.0,212496400384.0,,17.329376,3.1287837,73127378944.0,157.024,,261.306,0.243,0.61123,0.19451,0.439
ASAHIINDIA.NS,990.7,252556378112.0,272400203776.0,37.372,79.066246,6.819433,28563200000.0,77.144,-8512837632.0,1.57,-0.006,0.066300005,0.100439996,0.222
ASHOKLEY.NS,160.13,940580339712.0,1415949320192.0,13.066,28.852253,7.455536,545130905600.0,327.886,-6551025152.0,1.349,0.128,0.063930005,0.23669,0.229
ASIANPAINT.NS,2780.4,2665359867904.0,2672403415040.0,46.083,68.36489,13.606733,35570900992.0,17.609,30429437952.0,2.185,0.063,0.113479994,0.20392,0.329
ASTERDM.NS,613.8,317284843520.0,335773138944.0,43.383,93.70992,6.992959,20894900224.0,43.791,-1420225024.0,2.101,0.102,0.0766,0.087139994,-0.057
ASTRAZEN.NS,9110.0,228063920128.0,221565222912.0,70.535,114.90919,28.501795,347900000.0,4.354,313624992.0,1.872,0.37,0.09927,0.26942,0.18
ASTRAL.NS,1389.0,373155102720.0,370898468864.0,39.546,73.33685,9.877685,2556000000.0,6.769,2849250048.0,1.803,0.151,0.08464,0.13975,0.231
ATHERENERG.NS,655.55,250031554560.0,239964930048.0,-34.144,,9.280809,4303000064.0,15.813,,2.632,0.541,-0.26782,,
ATUL.NS,5840.5,171954569216.0,163132440576.0,17.106,31.66269,2.905837,1880300032.0,3.14,4525899776.0,3.413,0.114,0.09193,0.09648,0.123
AUROPHARMA.NS,1178.5,684474695680.0,669915086848.0,10.256,19.98135,1.9531152,77945004032.0,22.248,18101037056.0,1.848,0.063,0.10526,0.10379,0.078
AIIL.NS,2591.1,440792973312.0,452631658496.0,,10.966227,2.7028692,33098100736.0,20.291,,33.718,-0.468,1.11485,0.27507,-0.857
DMART.NS,3836.2,2496341999616.0,2496599162880.0,55.952,91.38161,10.902632,16091899904.0,7.031,-4530449920.0,2.493,0.155,0.042779997,0.12699,0.367
AXISBANK.NS,1276.2,3961634422784.0,5509607849984.0,,15.285663,1.9839444,2408414969856.0,,,,-0.06,0.34296,0.14004,0.316
BASF.NS,3978.8,172224905216.0,172877004800.0,29.273,45.791233,4.5468674,1460800000.0,3.857,,1.736,-0.048,0.02507,,0.426
BEML.NS,1660.1,138268065792.0,145865457664.0,29.1,46.73705,4.9386864,6659800064.0,23.787,-1295447552.0,2.471,-0.024,0.07396,0.10762,0.651
BLS.NS,318.2,131000107008.0,122805673984.0,17.329,21.824417,6.1451116,4035668992.0,16.545,3877371136.0,3.101,0.488,0.22694,0.31094,-0.419
BSE.NS,2658.0,1079491100672.0,993778466816.0,33.444,60.921383,17.147833,200000.0,0.0,1867162496.0,1.684,0.394,0.46304,0.31448,0.072
BAJAJ-AUTO.NS,9046.0,2525844996096.0,2641335681024.0,19.517,30.396505,7.391827,195646095360.0,57.257,28964837376.0,0.94,0.195,0.14902,0.25572002,0.724
BAJFINANCE.NS,1012.5,6292823867392.0,9447102480384.0,,34.438774,6.0924973,3276648742912.0,310.294,,6.34,0.206,0.45033002,0.1909,0.199
BAJAJFINSV.NS,2061.9,3292121268224.0,6977167556608.0,13.214,34.416622,4.2902617,3224357830656.0,237.537,157416685568.0,2.17,0.111,0.069510005,0.15100999,0.261
BAJAJHLDNG.NS,11011.0,1227499110400.0,1334568288256.0,153.577,14.373923,1.8062984,146000000.0,0.019,9714799616.0,2.074,0.4,8.09204,0.11792,-0.14
BAJAJHFL.NS,95.98,799296585728.0,1742262239232.0,,33.911663,3.78356,940132925440.0,443.872,,323.039,0.169,0.65117997,0.118149996,
BALKRISIND.NS,2312.9,447123292160.0,470105686016.0,21.065,32.438988,4.2834496,36819701760.0,35.269,-8263112704.0,1.022,-0.011,0.13181,0.13908,0.301
BALRAMCHIN.NS,443.45,89554919424.0,98012995584.0,13.189,22.20581,2.2839882,7743995904.0,19.761,-2397247488.0,2.647,0.287,0.06855,0.10847,0.533
BANDHANBNK.NS,143.1,230800048128.0,257033928704.0,,18.77953,0.9328857,81180565504.0,,,,-0.325,0.15004,0.05056,0.24
BANKBARODA.NS,284.25,1470300815360.0,1701203017728.0,,7.6431837,0.92482334,1482466131968.0,,,,0.002,0.29929,0.13079001,0.411
BANKINDIA.NS,140.48,639558746112.0,934298714112.0,,6.632672,0.76557523,1179661500416.0,,,,0.025,0.31301,0.12234,0.826
MAHABANK.NS,57.25,440341528576.0,505993920512.0,,7.21942,1.4022926,249236504576.0,,,,0.202,0.49128,0.22427,0.649
BATAINDIA.NS,961.0,123514961920.0,133235892224.0,30.06,72.63795,8.109431,13781459968.0,90.391,5014392320.0,1.788,-0.043,0.04942,0.113900006,0.219
BAYERCROP.NS,4398.7,197686788096.0,191752978432.0,27.472,32.44597,6.328464,1020000000.0,3.266,1745500032.0,2.295,-0.106,0.109280005,0.19624001,0.345
BERGEPAINT.NS,537.95,627193085952.0,639183159296.0,44.173,58.345985,9.984409,6973300224.0,11.082,7324174848.0,1.97,0.019,0.092089996,0.18165001,0.439
BDL.NS,1406.8,515680141312.0,471441997824.0,83.394,79.12261,12.226771,12362000.0,0.029,4944623104.0,2.298,1.106,0.16337,0.16458,0.119
BEL.NS,387.7,2834001297408.0,2753786019840.0,37.206,49.768936,13.153074,588899968.0,0.273,977750016.0,1.817,0.258,0.22645001,0.29009,0.247
BHARATFORG.NS,1399.6,670347034624.0,708266295296.0,26.666,61.68356,7.1466136,66583670784.0,71.382,6098163712.0,1.103,0.093,0.07058,0.13017,0.411
BHEL.NS,276.3,962094039040.0,982732832768.0,98.876,172.68748,3.9307458,109693100032.0,44.956,-29200924672.0,1.447,0.141,0.01908,0.02299,0.711
BPCL.NS,352.35,1528672550912.0,1872899211264.0,5.521,7.0909643,1.6027712,529668308992.0,56.386,108874702848.0,0.857,0.021,0.04804,0.24822001,0.94
BHARTIARTL.NS,2043.8,12448949075968.0,14246283837440.0,14.292,31.795273,10.05446,2080097042432.0,129.719,381545512960.0,0.413,0.257,0.19805,0.33018002,0.106
BHARTIHEXA.NS,1669.3,834650046464.0,897989017600.0,20.229,54.022655,13.365949,66069999616.0,105.803,19563749376.0,0.311,0.105,0.16909,0.26943,
BIKAJI.NS,712.7,178597429248.0,183359225856.0,54.379,83.74853,11.93023,3097295104.0,19.446,889315264.0,2.22,0.151,0.07582,0.14022,0.473
BIOCON.NS,381.15,508864200704.0,652262899712.0,19.246,95.76633,1.8206005,165354995712.0,50.024,-8308749824.0,1.155,0.196,0.02947,0.025510002,0.239
BSOFT.NS,429.5,119625605120.0,99319037952.0,14.902,25.96735,3.2387717,1513539968.0,4.089,5623991296.0,4.033,-0.029,0.0872,0.1328,0.509
BLUEDART.NS,5390.0,127893561344.0,133760630784.0,20.756,48.08636,7.8391786,10805999616.0,66.24,3153237504.0,1.169,0.07,0.04496,0.17432,0.109
BLUEJET.NS,545.4,94638071808.0,89279643648.0,20.375,26.81416,7.52307,206290000.0,1.643,-348358752.0,4.107,-0.205,0.29887,0.32333001,0.392
BLUESTARCO.NS,1748.3,359432650752.0,362507763712.0,44.252,65.65153,11.589812,10301899776.0,33.084,-4477162496.0,1.276,0.064,0.044660002,0.18671,-0.09
BBTC.NS,1891.0,132341653504.0,156667248640.0,4.368,11.680771,2.1082816,24636299264.0,30.298,16932442112.0,1.05,0.039,0.059120003,0.30644,0.547
BOSCHLTD.NS,36795.0,1086231281664.0,1057225244672.0,41.958,40.434067,7.7420216,1091000064.0,0.778,-5865500160.0,1.783,0.091,0.14297,0.20058,0.445
FIRSTCRY.NS,281.7,136315576320.0,147129155584.0,477.382,,2.837544,16612280320.0,31.483,2832502528.0,1.827,0.102,-0.02059,-0.04593,
BRIGADE.NS,873.55,213697658880.0,250421493760.0,16.865,26.39124,3.2932088,53748998144.0,75.557,-26062125056.0,1.221,0.29,0.14232999,0.13221,0.236
BRITANNIA.NS,5871.5,1414647775232.0,1416981118976.0,42.27,61.053345,37.88138,21962999808.0,58.424,17328824320.0,0.94,0.037,0.12571,0.66230005,0.532
MAPMYINDIA.NS,1621.2,88779309056.0,87631044608.0,50.141,61.177357,10.852058,95600000.0,1.148,826987520.0,4.511,0.097,0.29513,0.18663,0.084
CCL.NS,960.2,128019439616.0,141967785984.0,22.509,37.922592,6.130254,16275189760.0,77.989,5704802304.0,1.418,0.527,0.08936,0.17368001,-0.054
CESC.NS,169.48,224796393472.0,370425397248.0,10.683,15.520146,1.7653247,188109996032.0,141.107,-5264787456.0,1.077,0.121,0.080970004,0.116730005,0.258
CGPOWER.NS,663.25,1044497825792.0,1037921288192.0,73.624,95.845375,14.004434,1168199936.0,1.519,-8324612608.0,1.708,0.211,0.09652001,0.18687999,0.171
CRISIL.NS,4357.8,318829625344.0,310448390144.0,32.433,42.58159,11.315169,2980000000.0,10.58,,,0.122,0.21527,,-0.092
CAMPUS.NS,263.55,80522518528.0,83819315200.0,38.081,64.91379,10.0977,3810099968.0,48.005,600562496.0,1.76,0.16,0.074990004,0.1665,-0.273
CANFINHOME.NS,908.85,121017122816.0,476897607680.0,,13.133671,2.2154913,359814135808.0,658.72,,123.327,0.224,0.64204,0.18129998,0.403
CANBK.NS,146.9,1332478607360.0,328024064000.0,,6.2219396,1.1559829,911305670656.0,,,,0.125,0.29181,0.17573999,0.563
CAPLIPOINT.NS,1942.5,147806666752.0,137583575040.0,19.682,25.184753,4.7863336,53100000.0,0.166,771800000.0,8.172,0.105,0.28837,0.20658001,0.057
CGCL.NS,181.69,174813757440.0,322462941184.0,,22.157318,2.6226976,167859945472.0,251.55,,79.717,0.59,0.33283,0.13415,0.01
CARBORUNIV.NS,854.2,162988736512.0,161111621632.0,27.483,79.38662,4.3134446,3080199936.0,7.95,487002496.0,2.914,0.06,0.040149998,0.05513,0.224
CASTROLIND.NS,184.06,182057861120.0,176918544384.0,13.071,18.64843,9.99674,731500032.0,4.022,,,0.058,0.1733,,0.34
CEATLTD.NS,3768.8,152222187520.0,184071651328.0,12.285,30.803434,3.3335514,31137200128.0,67.986,1482899968.0,0.65,0.142,0.0353,0.11236,0.619
CENTRALBK.NS,36.41,329561505792.0,69674115072.0,,7.056202,0.8557796,123985600512.0,,,,0.003,0.27567,0.12716,0.348
CDSL.NS,1506.9,314942095360.0,300003426304.0,45.149,66.5886,18.073547,24812000.0,0.139,3429126400.0,2.257,-0.048,0.39777002,0.28139,0.257
CENTURYPLY.NS,841.7,187187003392.0,200173174784.0,35.843,80.62261,7.5821314,16432485376.0,66.141,-2828760576.0,1.056,0.171,0.047340002,0.09923001,0.309
CERA.NS,5271.5,67976192000.0,62529548288.0,21.729,28.94997,4.960721,596513024.0,4.352,874677888.0,4.355,-0.009,0.12060001,0.1817,-0.325
CHALET.NS,870.0,190303305728.0,216401739776.0,19.616,32.879818,5.571459,24885129216.0,72.88,-3981267456.0,0.622,0.95,0.22125,0.18569,-0.121
CHAMBLFERT.NS,425.35,170417455104.0,162726526976.0,6.315,9.151248,1.7324172,1003699968.0,1.022,-21794811904.0,2.272,0.475,0.09562001,0.20681,0.411
CHENNPETRO.NS,929.3,138429022208.0,158168104960.0,6.748,11.823155,1.5677562,19331600384.0,21.902,35229499392.0,1.315,0.351,0.01908,0.14144,0.24
CHOICEIN.NS,714.45,159256182784.0,150722379776.0,,77.74212,11.986411,4883725824.0,35.606,,1.649,0.125,0.20691,0.16600999,-0.741
CHOLAHLDNG.NS,1911.2,360736555008.0,2277590171648.0,,16.102451,2.6254368,1872316071936.0,635.38,,64.212,0.168,0.11332,0.18281001,0.287
CHOLAFIN.NS,1733.6,1462904422400.0,3235802513408.0,,31.457085,5.6250467,1879017390080.0,724.311,,112.664,0.196,0.39157,0.19619,0.394
CIPLA.NS,1503.7,1214645534720.0,1104007528448.0,15.563,22.313398,3.6897805,4673699840.0,1.415,22012637184.0,3.957,0.07,0.19455999,0.17676,0.097
CUB.NS,263.25,195357376512.0,148490272768.0,,16.25,1.9653443,21826770944.0,,,,0.176,0.37972,0.12852,0.267
CLEAN.NS,894.95,95112151040.0,90011598848.0,23.116,35.798,6.3361983,21350000.0,0.142,679096256.0,5.38,0.027,0.26737,0.18962999,-0.009
COALINDIA.NS,384.6,2370185461760.0,2135097868288.0,4.892,7.596287,2.2481105,137861693440.0,12.976,126404362240.0,1.771,0.185,0.23913,0.30576,
COCHINSHIP.NS,1601.5,421323866112.0,410464288768.0,42.409,55.588337,7.390163,11560335360.0,20.291,-9367208960.0,1.301,-0.022,0.14914,0.13844,0.233
COFORGE.NS,1831.8,613463621632.0,634478264320.0,30.495,56.537037,8.9066305,9715000320.0,10.888,-3240000000.0,1.569,0.302,0.08158,0.15033,0.25
COHANCE.NS,530.0,202760585216.0,203663130624.0,65.683,65.51298,5.343119,4507700224.0,11.486,-5432549888.0,2.923,1.156,0.1462,0.05508,0.524
COLPAL.NS,2156.9,586962501632.0,570060374016.0,30.687,44.33504,37.07861,599900032.0,3.791,12022112256.0,1.292,-0.062,0.22558,0.8197,0.32
CAMS.NS,746.5,184895029248.0,174943731712.0,27.992,40.02681,15.177701,778361984.0,6.395,3305563392.0,3.332,0.032,0.3182,0.40825,0.099
CONCORDBIO.NS,1369.6,143312781312.0,142320467968.0,32.008,44.26632,7.902329,16066000.0,0.088,1044396736.0,6.968,-0.204,0.28791,0.1893,0.618
CONCOR.NS,505.4,385032388608.0,351991791616.0,19.949,29.366648,2.9993708,9047499776.0,7.016,520500000.0,4.353,0.029,0.14553,0.104329996,0.148
COROMANDEL.NS,2264.7,668904390656.0,649762308096.0,20.868,27.780912,5.477527,14711900160.0,11.599,7951925248.0,1.526,0.299,0.08392,0.20782,0.117
CRAFTSMAN.NS,7028.0,167657046016.0,197648482304.0,20.05,70.0,5.5331306,33108199424.0,109.273,-9878487040.0,1.133,0.649,0.033770002,0.082609996,0.148
CREDITACC.NS,1257.0,200854224896.0,392412430336.0,,150.0,2.8047705,201114304512.0,280.714,,314.238,-0.083,0.094390005,0.01889,0.006
CROMPTON.NS,251.0,161622638592.0,160976879616.0,21.548,34.149662,4.7357597,1863800064.0,4.826,4987987456.0,1.409,0.01,0.06106,0.13014,0.13
CUMMINSIND.NS,4549.7,1261257228288.0,1223921106944.0,45.431,54.513542,15.974678,243500000.0,0.308,12748387328.0,3.156,0.264,0.19875,0.31142,0.402
CYIENT.NS,1140.0,125832716288.0,118848765952.0,14.198,22.046026,2.2616758,4358000128.0,7.224,6533125120.0,3.142,-0.037,0.07833,0.10576,0.497
DCMSHRIRAM.NS,1315.0,203995725824.0,197722357760.0,13.098,28.755741,2.8488917,21773099008.0,30.055,-3119875072.0,1.451,0.106,0.05585,0.10277,-0.256
DLF.NS,687.05,1701139972096.0,1639566934016.0,80.895,39.645123,3.9527204,17774200832.0,4.133,42799738880.0,1.68,-0.168,0.47512,0.10293999,0.326
DOMS.NS,2529.3,153540329472.0,153057476608.0,42.438,73.08003,13.965006,1614286976.0,13.64,-1182856704.0,2.4,0.241,0.10033,0.21075001,
DABUR.NS,501.0,888618745856.0,865270562816.0,37.075,49.11765,8.113623,13014299648.0,11.464,9734062080.0,1.834,0.054,0.14152999,0.16096,0.231
DALBHARAT.NS,1966.9,368987635712.0,386315976704.0,13.078,32.841877,2.0855026,70820003840.0,39.764,86250000.0,1.69,0.107,0.07853,0.06427,0.084
DATAPATTNS.NS,2542.0,142311243776.0,139124621312.0,46.01,60.94462,9.250297,58100000.0,0.378,-2590662400.0,8.233,2.378,0.25372,0.16169001,0.307
DEEPAKFERT.NS,1219.1,154014367744.0,197648334848.0,10.255,15.641519,2.362162,44401500160.0,62.046,-6963487744.0,1.439,0.094,0.09021,0.15364,-0.348
DEEPAKNTR.NS,1524.4,208013869056.0,217720537088.0,24.709,39.107235,3.7671132,12439000064.0,22.412,-8255275008.0,3.157,-0.064,0.06748,0.09961,0.055
DELHIVERY.NS,406.95,304437592064.0,297353052160.0,259.781,223.5989,3.1637993,16415080448.0,17.226,4425997312.0,2.855,0.169,0.01467,0.0147,0.064
DEVYANI.NS,134.63,165981601792.0,199815266304.0,34.478,2692.6,10.541027,33433339904.0,170.712,1609501312.0,0.407,0.126,-0.00638,-0.02553,-0.079
DIVISLAB.NS,6464.0,1715988856832.0,1638259359744.0,50.47,68.91993,11.126564,900000000.0,0.584,-6226250240.0,5.696,0.161,0.24778,0.17061001,0.149
DIXON.NS,12710.0,769128660992.0,683165941760.0,37.613,49.236847,16.952272,13891200000.0,29.663,3960162560.0,1.01,0.288,0.03029,0.47032002,-0.157
AGARWALEYE.NS,499.75,158006394880.0,162311143424.0,37.264,137.29395,8.175067,9827300352.0,48.682,-430255008.0,1.428,0.197,0.06107,0.08126,
LALPATHLAB.NS,2865.1,239141601280.0,228711284736.0,32.588,44.69735,10.011286,1560000000.0,6.441,3564754944.0,3.508,0.107,0.20562,0.24223,0.055
DRREDDY.NS,1266.1,1054100619264.0,1033630187520.0,11.657,18.01252,2.9402542,58538999808.0,16.167,13562874880.0,1.852,0.098,0.17132999,0.1736,0.345
DUMMYHDLVR.NS,,,,,,,,,,,,,,
EIDPARRY.NS,1026.0,182497411072.0,221623238656.0,6.97,15.874981,2.1100256,26657300480.0,18.388,6894237696.0,1.402,0.246,0.03211,0.16527,0.027
EIHOTEL.NS,375.05,234542825472.0,229807751168.0,21.466,35.249058,4.9820666,2500800000.0,5.176,3182393856.0,2.999,-0.04,0.23302999,0.15303001,-0.473
EICHERMOT.NS,7277.5,1996212666368.0,1938342805504.0,39.761,39.174786,9.037498,4457800192.0,2.018,33447524352.0,1.587,0.448,0.23989001,0.24874,0.075
ELECON.NS,477.3,107115511808.0,100829626368.0,17.399,20.69818,4.7717113,2578400000.0,11.49,2024837504.0,3.567,0.138,0.21593,0.25869,0.409
ELGIEQUIP.NS,484.45,152941740032.0,150122594304.0,29.304,39.29035,7.6238513,5276000256.0,26.275,3763425024.0,2.117,0.114,0.10601,0.20885,-0.214
EMAMILTD.NS,525.6,229786697728.0,222148952064.0,23.685,30.469564,7.8248053,719600000.0,2.457,4902607360.0,2.739,-0.103,0.20289,0.2713,0.052
EMCURE.NS,1406.0,266528178176.0,279862804480.0,18.197,33.596176,5.6169677,16592180224.0,33.972,3003851264.0,1.521,0.134,0.09387,0.1784,
ENDURANCE.NS,2561.4,360293793792.0,361104474112.0,21.287,40.87123,5.756485,12289000448.0,19.638,1832948736.0,1.456,0.23,0.069409996,0.15271,0.705
ENGINERSIN.NS,193.85,108951912448.0,94149861376.0,15.828,20.277197,4.015037,197738000.0,0.731,2400749056.0,1.169,0.337,0.15069,0.21128,0.746
ERIS.NS,1586.5,216108105728.0,246549528576.0,23.366,52.170338,6.9938855,23888400384.0,68.185,4726062592.0,0.914,0.069,0.13898,0.1342,-0.085
ESCORTS.NS,3656.5,402604064768.0,330658938880.0,26.36,32.23574,3.3845797,1035100032.0,0.871,14402750464.0,3.681,0.122,0.22035,0.11486,0.082
ETERNAL.NS,288.8,2627752689664.0,2617188548608.0,1270.48,1443.9999,8.700629,33510000640.0,10.875,-39272501248.0,3.178,1.832,0.00588,0.00721,0.315
EXIDEIND.NS,373.45,317473128448.0,323886186496.0,18.542,40.329372,2.1587954,16446699520.0,11.151,10571299840.0,1.218,-0.019,0.045289997,0.05558,0.441
NYKAA.NS,248.6,711313981440.0,721276895232.0,181.948,671.8919,51.395496,14070200320.0,97.748,1960662528.0,1.162,0.251,0.0117999995,0.07422,0.328
FEDERALBNK.NS,260.95,641609891840.0,682801496064.0,,16.340014,1.7666972,269304807424.0,,,,0.02,0.28993,0.11451,0.186
FACT.NS,808.0,522834182144.0,542694244352.0,291.068,495.70554,38.01995,38365233152.0,278.992,-20488208384.0,0.919,0.125,0.022219999,0.07755,0.359
FINCABLES.NS,732.95,112096894976.0,84938096640.0,14.556,16.888248,1.966516,215200000.0,0.377,2517212416.0,7.672,0.049,0.119720004,0.12194,0.178
FINPIPE.NS,163.39,101026308096.0,81446821888.0,17.105,21.001286,1.7070112,212200000.0,0.359,-453912512.0,5.29,0.037,0.11788,0.07564,0.381
FSL.NS,336.9,232745222144.0,254109958144.0,21.619,35.463158,5.328167,23689400320.0,54.258,6925277696.0,0.973,0.201,0.07617,0.16209,0.359
FIVESTAR.NS,559.2,164703158272.0,227902390272.0,,14.860483,2.4184759,83759972352.0,123.056,,135.429,0.099,0.50126,0.17645,0.483
FORCEMOT.NS,16661.0,219529707520.0,215438491648.0,16.436,20.363241,6.2609353,0.0,,-82425000.0,1.816,0.072,0.12488,0.35486,0.581
FORTIS.NS,853.05,644261150720.0,674905522176.0,38.147,63.70799,6.8366513,31946500096.0,32.958,-17866006528.0,0.964,0.173,0.120179996,0.112679996,0.577
GAIL.NS,169.4,1113818398720.0,1314281619456.0,10.245,10.217129,1.2635944,224333103104.0,25.373,22169524224.0,0.906,0.049,0.075729996,0.12713,0.544
GVT&D.NS,2878.7,737081098240.0,735459344384.0,60.705,79.87514,35.318436,304700000.0,1.46,7954925056.0,1.285,0.389,0.18055001,0.53129,0.483
GMRAIRPORT.NS,97.92,1034290593792.0,1295590490112.0,27.19,,-33.21574,414652301312.0,,-46012850176.0,0.795,0.471,-0.01771,,0.562
GRSE.NS,2400.9,275125764096.0,242941804544.0,43.34,44.56013,11.97516,319739008.0,1.393,-5303916032.0,1.186,0.455,0.10446999,0.29792,0.287
GICRE.NS,372.0,652636782592.0,413957685248.0,3.739,6.813187,0.718967,0.0,,90419552256.0,0.482,0.029,0.18552,0.10281,0.383
GILLETTE.NS,8285.5,269984808960.0,261672370176.0,31.4,50.709957,23.225403,500000.0,0.004,,1.767,0.037,0.19323,,0.041
GLAND.NS,1696.8,279558684672.0,252559245312.0,18.686,35.327923,2.9231486,3022500096.0,3.161,3746599936.0,4.129,0.058,0.13623999,0.08614001,0.412
GLAXO.NS,2602.2,440828362752.0,419056123904.0,35.292,46.24489,25.813427,357100000.0,2.091,6182396416.0,1.775,-0.031,0.25756,0.56517,-0.013
GLENMARK.NS,1958.4,552662073344.0,535811817472.0,13.677,54.857143,5.7673616,12241770496.0,12.776,20568834048.0,1.646,0.761,0.06313,0.11203,0.314
MEDANTA.NS,1152.7,309658353664.0,308505575424.0,34.415,55.33845,8.36314,9448930304.0,25.468,-80225000.0,2.399,0.149,0.14027001,0.16391,-0.342
GODIGIT.NS,338.0,312091672576.0,320592707584.0,51.793,63.773582,6.646086,3500000000.0,7.443,26486675456.0,0.105,0.114,0.05012,0.10438,
GPIL.NS,233.53,151162896384.0,139774787584.0,12.487,19.39618,2.7388086,1919600000.0,3.643,-871671616.0,3.251,0.031,0.13776,0.15154,0.773
GODFRYPHLP.NS,2745.0,428169920512.0,429778829312.0,35.138,33.64383,7.3468013,1752600064.0,3.005,7319729664.0,2.233,-0.069,0.21162,0.24123,0.277
GODREJAGRO.NS,592.2,114069233664.0,138151378944.0,16.391,26.145697,6.296852,21585700864.0,110.727,6461150208.0,0.749,0.05,0.04462,0.17841999,0.024
GODREJCP.NS,1145.3,1171922092032.0,1170881380352.0,40.395,64.12654,9.632627,41134899200.0,33.818,11272737792.0,0.992,0.043,0.12267,0.14976,0.227
GODREJIND.NS,1017.3,342631546880.0,804755341312.0,19.386,35.594822,3.2941732,465659002880.0,212.69,-47724474368.0,1.13,0.228,0.04265,0.10305,0.265
GODREJPROP.NS,2016.7,607442829312.0,673501413376.0,-110.372,39.106068,3.3170063,163244097536.0,87.886,-56389824512.0,1.334,-0.323,0.36334,0.103599995,0.434
GRANULES.NS,559.25,135712481280.0,146575867904.0,14.768,26.45459,3.408793,18069409792.0,45.369,2485997568.0,1.277,0.342,0.10592,0.13843,-0.1
GRAPHITE.NS,544.45,106372251648.0,79089025024.0,68.257,44.120747,1.8222133,2689999872.0,4.572,27762500.0,3.623,0.134,0.093339995,0.04047,1.067
GRASIM.NS,2781.6,1887745474560.0,4288915177472.0,13.647,43.646637,1.8939548,2054033899520.0,126.634,-58601676800.0,0.915,0.189,0.02686,0.058280002,0.218
GRAVITA.NS,1781.0,129713987584.0,126966751232.0,27.461,35.232445,5.740106,4451200000.0,19.62,-3052999936.0,5.267,0.117,0.08818,0.22555,0.367
GESHIP.NS,1089.0,155473444864.0,86375022592.0,3.673,7.6260505,1.0213097,12538800128.0,8.236,11202262016.0,7.598,-0.083,0.4166,0.14222999,0.671
FLUOROCHEM.NS,3479.1,382179147776.0,403981828096.0,33.08,56.20517,5.0128164,17219999744.0,22.475,-3554337536.0,1.662,0.019,0.1398,0.09854,-0.509
GUJGASLTD.NS,391.95,270155481088.0,264205271040.0,14.701,24.164614,3.0902598,1512499968.0,1.739,-8605049856.0,1.052,-0.0,0.07018,0.1339,0.087
GMDCLTD.NS,489.4,155733131264.0,151639719936.0,23.126,15.511886,2.3143747,2782400000.0,4.139,-6507724800.0,5.18,-0.11,0.357,0.15535,0.361
GSPL.NS,282.05,159545524224.0,153236045824.0,6.258,15.454794,1.3332356,1397104000.0,0.876,12935806976.0,1.503,0.004,0.06143,0.10007,0.441
HEG.NS,552.0,106645241856.0,104320991232.0,22.362,41.348312,2.2821422,6444499968.0,13.812,1186625024.0,2.407,0.232,0.110360004,0.05661,1.071
HBLENGINE.NS,796.0,220647178240.0,219527004160.0,24.345,34.458874,11.12431,872400000.0,4.396,-90761624.0,3.065,1.347,0.2327,0.38127,0.288
HCLTECH.NS,1662.5,4504220598272.0,4504775294976.0,1576.198,26.54055,6.2356367,762000000.0,9.495,2022499968.0,2.294,0.058,0.13889,0.24326,0.276
HDFCAMC.NS,2639.0,1130854612992.0,1116763586560.0,31.298,41.279526,14.595512,0.0,,22696112128.0,1.421,0.062,0.6272,0.37780997,0.444
HDFCBANK.NS,996.4,15327095160832.0,19622954795008.0,,22.774858,2.8140612,5995072323584.0,,,,-0.072,0.26962999,0.108430006,0.447
HDFCLIFE.NS,767.45,1656019484672.0,1662798528512.0,74.007,87.30944,9.773569,23499999232.0,13.88,26229950464.0,1.145,-0.275,0.02062,0.11649,0.56
HFCL.NS,66.82,96361512960.0,109339115520.0,37.035,303.72726,2.335139,17296199680.0,41.391,-8661262336.0,1.792,-0.046,0.0074699996,0.00759,0.334
HAPPSTMNDS.NS,491.4,73895190528.0,,,37.858246,4.5419254,,,1112062464.0,1.65,0.358,0.0888,0.12388,0.118
HAVELLS.NS,1394.5,874764959744.0,859488714752.0,41.708,59.721626,10.079508,2859800064.0,3.292,-7865950208.0,1.755,0.053,0.06751,0.17709999,0.316
HEROMOTOCO.NS,5971.0,1194687332352.0,1090410446848.0,18.004,22.619137,5.6883245,7180700160.0,3.395,33744762880.0,1.888,0.166,0.12526,0.26332,0.681
HEXT.NS,731.9,445732225024.0,432759930880.0,22.312,32.342026,7.077652,6288000000.0,10.008,7064750080.0,2.127,0.111,0.106529996,0.24176,
HSCL.NS,458.2,231170588672.0,231169343488.0,24.992,34.81763,5.564732,8639899648.0,21.091,-2138151680.0,2.363,-0.058,0.14693,0.17351,0.091
HINDALCO.NS,824.0,1841745100800.0,2348325011456.0,6.889,10.316765,1.3563675,776500019200.0,57.571,-24482500608.0,1.475,0.135,0.07005,0.14206,0.871
HAL.NS,4308.0,2881082621952.0,2426890354688.0,29.915,34.006947,7.7618403,114000000.0,0.031,-88891047936.0,2.194,0.109,0.2638,0.24792999,0.439
HINDCOPPER.NS,355.5,343777017856.0,348408119296.0,37.842,60.356537,11.5934,1424099968.0,4.776,-402865888.0,1.373,0.382,0.24768,0.21079999,1.754
HINDPETRO.NS,446.6,950285500416.0,1545301917696.0,5.75,6.819362,1.6701821,630947971072.0,110.909,115027902464.0,0.592,0.009,0.03241,0.27104,1.044
HINDUNILVR.NS,2300.9,5406281695232.0,5346630828032.0,37.644,49.738434,11.094931,17749999616.0,3.611,111142502400.0,1.091,0.02,0.16950001,0.21819,0.323
HONASA.NS,254.6,82839150592.0,79785902080.0,71.891,63.49127,6.494567,1421340032.0,11.184,1035420032.0,1.924,0.165,0.060229998,0.10981,0.609
HONAUT.NS,33800.0,298843471872.0,267051237376.0,48.057,58.024754,7.134616,928000000.0,2.215,5813875200.0,3.685,0.123,0.11373,0.12968999,0.324
HUDCO.NS,212.08,424562950144.0,1672783593472.0,,15.1594,2.3512716,1272865095680.0,705.764,,328.389,0.022,0.64356005,0.15944,0.974
HYUNDAI.NS,2325.8,1889808154624.0,1820826664960.0,19.956,33.065113,10.763805,8589369856.0,4.892,-7797967360.0,1.372,0.012,0.083380006,0.36782002,
ICICIBANK.NS,1359.5,9720207245312.0,10381677297664.0,,18.393991,2.8947089,2152396750848.0,,,,0.079,0.27915,0.17599002,0.271
ICICIGI.NS,1943.2,967371259904.0,958058332160.0,24.945,34.74964,5.815596,0.0,,52699750400.0,0.291,0.126,0.10932,0.17802,0.527
ICICIPRULI.NS,636.25,920582619136.0,925620961280.0,45.917,70.69444,7.2394094,28832100352.0,22.675,-16258450432.0,1.984,-0.524,0.02261,0.10762,0.516
IDBI.NS,94.95,1020940582912.0,1059475030016.0,,10.989583,1.5004741,243008897024.0,,,,0.298,0.5189,0.15128,0.204
IDFCFIRSTB.NS,81.02,696311873536.0,1051062697984.0,,44.27322,1.7293859,407921590272.0,,,,0.161,0.06607,0.03441,0.502
IFCI.NS,48.06,129512710144.0,191049220096.0,,33.608395,1.4626575,35073601536.0,22.625,,19.19,0.145,0.20403999,0.048839998,0.319
IIFL.NS,574.7,244306182144.0,784052191232.0,,28.821465,1.8820903,586914725888.0,401.134,,245.209,0.198,0.1435,0.07253,0.396
INOXINDIA.NS,1144.0,103833452544.0,102441902080.0,33.888,42.30769,10.597794,993833984.0,10.139,-253462256.0,1.674,0.169,0.17549999,0.28408,
IRB.NS,41.67,251706195968.0,441082249216.0,15.941,3.8229358,1.2518777,208515825664.0,102.312,2889176320.0,1.345,-0.087,0.94917,0.38373002,-0.016
IRCON.NS,157.2,147849068544.0,137857400832.0,18.903,24.639498,2.2959964,51375501312.0,79.151,-4125287424.0,1.635,-0.192,0.06137,0.09422,0.551
ITCHOTELS.NS,191.04,397945602048.0,380320710656.0,29.739,53.814083,3.5901673,802300032.0,0.724,,3.109,0.079,0.19773,,
ITC.NS,402.65,5044707000320.0,4876048269312.0,18.588,24.962803,7.100534,3629700096.0,0.507,133943238656.0,3.043,-0.06,0.44597998,0.27811,-0.064
ITI.NS,301.1,290058928128.0,300774162432.0,-533.431,,19.231016,13108899840.0,87.135,-75040752.0,0.859,-0.465,-0.054840002,-0.10949001,-0.23
INDGN.NS,531.95,127742279680.0,115684655104.0,21.118,28.73852,4.4490814,1220000000.0,4.257,-2408624896.0,4.961,0.171,0.1466,0.17062001,
INDIACEM.NS,419.15,194840363008.0,143137898496.0,-55.579,403.02887,1.3092669,13403700224.0,13.307,3911824640.0,1.046,0.083,0.0030399999,0.00415,0.032
INDIAMART.NS,2237.6,134439772160.0,106850107392.0,20.616,25.031883,6.2820764,283160000.0,1.325,4961690112.0,2.297,0.125,0.36526,0.26791,0.447
INDIANB.NS,782.7,1054830428160.0,1197862682624.0,,9.35349,1.3714304,422819594240.0,,,,0.1,0.34112,0.15754,0.431
IEX.NS,141.61,125933813760.0,109917069312.0,18.342,26.769377,10.069687,37354000.0,0.299,3396483584.0,2.473,0.092,0.66678,0.40870997,0.315
INDHOTEL.NS,724.55,1031419789312.0,1039832711168.0,33.516,61.087692,8.913632,32259899392.0,25.013,5254624768.0,2.01,0.124,0.18123,0.15217,-0.363
IOC.NS,161.12,2275213836288.0,3631816638464.0,6.678,8.926316,1.1251475,1466805780480.0,72.631,190993776640.0,0.696,0.021,0.03271,0.13166,0.807
IOB.NS,36.73,707294527488.0,938802479104.0,,16.180616,2.0779588,464331898880.0,,,,0.239,0.31682,0.14130999,0.184
IRCTC.NS,667.9,534320021504.0,504987222016.0,31.996,38.921913,12.526492,782240000.0,1.836,8100959744.0,2.116,0.077,0.28591,0.35252997,0.113
IRFC.NS,112.78,1473866104832.0,5370957266944.0,,21.522902,2.6223028,4102956777472.0,730.143,,6.466,0.104,0.97331,0.12698,0.299
IREDA.NS,133.56,375327064064.0,1081260244992.0,,21.099525,2.9035413,716967903232.0,554.836,,35.721,0.363,0.73137003,0.15483,-1.574
IGL.NS,184.91,259010854912.0,215482302464.0,12.134,16.220177,2.3070493,1015900032.0,0.903,8228287488.0,1.184,0.088,0.102010004,0.14575,0.481
INDUSTOWER.NS,405.85,1070281326592.0,1231063875584.0,6.922,11.461452,2.9647243,209475993600.0,58.026,80162496512.0,1.456,0.097,0.2969,0.29018998,-0.041
INDUSINDBK.NS,836.7,651852840960.0,705086947328.0,,,1.0015358,453502992384.0,,,,-0.4,-0.048860002,-0.01161,0.24
NAUKRI.NS,1346.3,871635222528.0,876167626752.0,86.19,66.385605,1.7919846,2756250112.0,0.544,-26234322944.0,3.205,0.149,0.42964,0.03525,0.57
INFY.NS,1586.3,6575705554944.0,6565521260544.0,1456.577,22.292017,6.284732,986000000.0,8.437,3553312512.0,2.28,0.037,0.16584998,0.29026,0.326
INOXWIND.NS,121.92,210706759680.0,168800567296.0,19.513,32.862534,2.3948143,11398800384.0,15.713,-17930614784.0,2.343,0.528,0.14464,0.09874,-0.066
INTELLECT.NS,1025.1,141822263296.0,137701015552.0,28.095,36.069668,4.7918663,898060032.0,3.007,3341318656.0,2.19,0.358,0.14390999,0.14473,0.614
INDIGO.NS,4792.5,1852735356928.0,2109369483264.0,15.943,36.26561,21.456009,748138004480.0,866.462,157658873856.0,1.438,0.093,0.061339997,0.82192004,0.772
IGIL.NS,322.1,139198644224.0,141865762816.0,20.466,27.227388,11.2776165,1315069952.0,10.626,,,0.214,0.43495998,,
IKS.NS,1568.8,262541721600.0,268323225600.0,30.313,42.9926,11.704057,7660530176.0,34.186,3973628672.0,1.379,0.215,0.21009001,0.33706,
IPCALAB.NS,1464.6,372227309568.0,350051762176.0,19.514,44.59805,4.5120144,12789199872.0,14.425,-971550016.0,2.568,0.086,0.088870004,0.10054,0.156
JBCHEPHARM.NS,1812.5,283929870336.0,277487484928.0,25.732,40.05525,7.447355,409100000.0,1.075,3405869056.0,3.79,0.084,0.17557,0.20472999,-0.081
JKCEMENT.NS,5548.5,428722880512.0,475048345600.0,20.031,41.48411,6.6133404,65098301440.0,99.562,-1317362560.0,1.242,0.179,0.08033,0.17202999,0.347
JBMA.NS,559.85,132559339520.0,162793816064.0,24.273,63.403168,9.321978,31812300800.0,218.256,-5382250496.0,1.046,0.064,0.03678,0.16403,0.01
JKTYRE.NS,448.8,122980188160.0,166299107328.0,10.675,22.96827,2.3468137,48208199680.0,89.667,444787488.0,1.203,0.108,0.03496,0.10606,0.448
JMFINANCIL.NS,142.87,136631697408.0,200540356608.0,,12.046374,1.3288996,113599700992.0,104.102,,14.521,0.248,0.34789002,0.104899995,0.198
JSWENERGY.NS,454.7,794134839296.0,1430836871168.0,18.109,39.232098,2.7232764,691038584832.0,218.668,-38692425728.0,0.769,0.599,0.12687999,0.07455,-0.324
JSWINFRA.NS,265.0,551570505728.0,589330710528.0,24.545,35.006603,5.391658,53136998400.0,48.27,-8338950144.0,2.928,0.264,0.31943,0.16318001,1.2
JSWSTEEL.NS,1109.2,2709273182208.0,3516742500352.0,13.129,44.94327,3.259314,1011070009344.0,118.74,50587500544.0,1.093,0.138,0.03454,0.07279,0.605
JPPOWER.NS,18.33,125695967232.0,218755547136.0,12.274,22.9125,1.8677399,35191799808.0,27.62,12074462208.0,2.798,0.173,0.13495,0.06003,0.134
J&KBANK.NS,101.62,111902162944.0,63067852800.0,,5.3540573,0.7499465,23823099904.0,,,,-0.059,0.29986998,0.148,0.321
JINDALSAW.NS,159.54,101653389312.0,149475311616.0,5.395,7.410125,0.84265566,51941199872.0,43.953,-4670068736.0,1.53,-0.24,0.073709995,0.10207,0.21
JSL.NS,766.8,631746658304.0,689892032512.0,14.474,22.828222,3.4923441,68619698176.0,37.899,9001775104.0,1.154,0.114,0.067150004,0.16474001,0.616
JINDALSTEL.NS,1007.4,1025017577472.0,1177748635648.0,14.312,37.255917,2.0633507,191559794688.0,38.018,-5698274816.0,0.991,0.042,0.05608,0.05647,0.638
JIOFIN.NS,295.65,1878306324480.0,1934710407168.0,,116.857704,1.3864399,105062096896.0,7.797,,17.746,0.207,0.72075,0.01199,0.958
JUBLFOOD.NS,590.55,388284907520.0,411771240448.0,31.959,129.7912,17.148209,45636288512.0,202.293,2766192384.0,0.524,0.197,0.04164,0.13579,0.002
JUBLINGREA.NS,674.8,106768769024.0,112641990656.0,20.046,37.15859,3.503689,8061400064.0,26.51,-893305024.0,1.346,0.072,0.0675,0.09836,0.3
JUBLPHARMA.NS,1088.0,172201787392.0,190532698112.0,16.746,36.11019,2.6161833,28828000256.0,43.867,-6601249792.0,1.656,0.122,0.06271,0.07591,0.739
JWL.NS,255.8,108586598400.0,107638636544.0,23.267,38.757576,3.879461,7485438976.0,26.721,-6781574656.0,2.096,-0.221,0.084309995,0.102539994,0.41
JYOTHYLAB.NS,281.4,103334158336.0,98517237760.0,20.768,29.621052,7.185904,537400000.0,3.737,1673812480.0,2.793,0.003,0.12086,0.20938,0.257
JYOTICNC.NS,938.4,213413838848.0,222029578240.0,43.481,61.534428,11.65555,7242500096.0,39.56,-4463920128.0,2.339,0.179,0.17812,0.20820999,
KPRMILL.NS,966.4,330329063424.0,322153545728.0,25.25,39.461006,6.176185,3454599936.0,6.46,7899574784.0,6.259,0.103,0.12507,0.16702999,0.179
KEI.NS,3998.3,382390403072.0,363962335232.0,34.26,47.769417,6.173541,2350579968.0,3.799,-7528833536.0,3.484,0.196,0.073860005,0.16393,0.241
KPITTECH.NS,1225.8,333492027392.0,319799033856.0,27.895,43.3298,10.211427,5291520000.0,16.215,15432297472.0,0.931,0.079,0.12599,0.26812,-0.098
KSB.NS,736.45,128171180032.0,124676677632.0,36.847,48.901062,8.363618,46000000.0,0.3,,,0.054,0.099530004,,-0.297
KAJARIACER.NS,1024.5,163174465536.0,164381147136.0,24.619,40.703217,5.568449,2900699904.0,9.676,3324462592.0,2.463,0.006,0.07762,0.14096,0.527
KPIL.NS,1178.5,201255436288.0,236305203200.0,11.823,24.23401,2.890067,48276201472.0,69.688,-3442112512.0,1.253,0.324,0.0322,0.13382,0.163
KALYANKJIL.NS,469.5,484835131392.0,521570353152.0,31.867,51.99336,9.086687,53349560320.0,99.88,-6102210048.0,1.295,0.295,0.03257,0.19193001,0.049
KARURVYSYA.NS,241.15,233100148736.0,196092739584.0,,11.07717,1.8209482,25165600768.0,,,,0.109,0.36646998,0.17764,-0.193
KAYNES.NS,4043.5,271285239808.0,252870787072.0,48.997,69.28547,5.6513247,8853680128.0,18.899,-14069577728.0,2.092,0.584,0.11734,0.10389,-0.192
KEC.NS,682.8,181761359872.0,230395166720.0,13.94,26.495924,3.220375,53080301568.0,94.066,-11603600384.0,1.193,0.191,0.02927,0.12769,0.078
KFINTECH.NS,1068.7,184244944896.0,170885234688.0,35.434,53.408295,12.575308,473950016.0,3.239,2517028864.0,4.408,0.1,0.29426,0.25816,-0.434
KIRLOSBROS.NS,1575.0,125208403968.0,120105508864.0,21.465,31.908428,5.6663237,2188999936.0,9.871,1405535360.0,1.881,-0.008,0.088470004,0.1943,-0.028
KIRLOSENG.NS,1115.6,162131722240.0,202934550528.0,16.261,32.242775,4.8056793,55260401664.0,165.651,3593700096.0,1.231,0.299,0.07311,0.15653,0.623
KOTAKBANK.NS,2200.3,4375853400064.0,4422406504448.0,,23.53514,2.6038592,827000291328.0,,,,-0.124,0.25536,0.1178,0.189
KIMS.NS,660.75,264391802880.0,299097128960.0,39.694,78.47387,11.645224,31869999104.0,123.719,-8729624576.0,0.719,0.236,0.09877,0.14649999,-0.132
LTF.NS,302.15,756168916992.0,1656440881152.0,,28.002779,2.8652031,979703300096.0,370.75,,59.335,0.099,0.33780998,0.10622,0.68
LTTS.NS,4576.0,484536713216.0,469819162624.0,26.718,38.025597,7.8347173,6300000256.0,10.149,11598944256.0,2.303,0.158,0.11131,0.2152,0.159
LICHSGFIN.NS,532.5,292908531712.0,2898194595840.0,,5.3048415,0.7604503,2616472895488.0,679.251,,26.733,0.018,0.65239996,0.1531,0.287
LTFOODS.NS,386.7,134431703040.0,146468175872.0,13.434,21.096563,3.2059894,18044657664.0,43.095,1952966912.0,2.006,0.299,0.06491,0.16159001,0.346
LTIM.NS,6302.0,1867592105984.0,1745132847104.0,27.854,38.37535,7.979882,23825999872.0,10.164,34653876224.0,3.481,0.102,0.12275,0.21789,0.382
LT.NS,4004.8,5508926799872.0,6383621636096.0,20.22,33.557903,5.4340024,1340011315200.0,111.847,148421984256.0,1.253,0.107,0.059520002,0.16521,0.383
LATENTVIEW.NS,480.3,99386064896.0,92781248512.0,41.896,52.149837,6.0975766,250640000.0,1.517,1167087488.0,4.831,0.233,0.19790001,0.1225,0.269
LAURUSLABS.NS,1027.0,554432724992.0,572785819648.0,38.964,81.31433,11.542568,22117599232.0,44.831,2340849920.0,1.32,0.351,0.10757,0.15022999,0.389
THELEELA.NS,392.05,131054985216.0,130833555456.0,19.945,50.981792,2.0300217,17126519808.0,27.671,,2.484,0.121,0.18346001,,
LEMONTREE.NS,160.21,126861910016.0,153509642240.0,24.213,57.629498,10.25935,20593938432.0,109.554,2214492672.0,0.903,0.077,0.16209,0.15972,-0.195
LICI.NS,856.9,5419890638848.0,5770457382912.0,8.194,10.601262,4.4502263,0.0,-0.26,413642391552.0,4.035,0.043,0.058569998,0.44623002,0.522
LINDEINDIA.NS,5921.5,505010520064.0,499851558912.0,56.965,98.02185,12.637683,674060032.0,1.687,-7034906112.0,0.885,0.015,0.21257,0.13529,-0.164
LLOYDSME.NS,1273.2,675542269952.0,740537270272.0,27.885,39.564945,8.566642,81634598912.0,100.054,-49817051136.0,1.031,1.676,0.20275,0.25819,0.126
LODHA.NS,1081.6,1080536530944.0,1133905444864.0,23.761,32.431786,5.07548,96284000256.0,45.111,4299500032.0,1.828,0.447,0.21132,0.16833,0.189
LUPIN.NS,2071.9,946441420800.0,939032707072.0,15.452,21.962051,4.8198514,62170001408.0,31.513,17994274816.0,1.873,0.242,0.17473,0.24529,0.351
MMTC.NS,54.35,81524998144.0,64830050304.0,-62.978,36.972786,4.2338552,345500000.0,1.796,1625687552.0,1.822,-0.295,75.15646,0.12129,0.821
MRF.NS,151745.0,643785293824.0,632997937152.0,15.655,34.738247,3.3103936,36312199168.0,18.678,8737236992.0,1.581,0.072,0.0636,0.0999,0.247
MGL.NS,1129.5,111569494016.0,99540230144.0,6.522,11.455376,1.7968901,2206400000.0,3.545,-2880012544.0,1.084,0.148,0.12267,0.16568,0.512
MAHSCOOTER.NS,14234.0,162768076800.0,159934185472.0,51.989,45.481853,0.49272466,0.0,,2399225088.0,1.036,0.659,1.1398001,0.01121,-0.221
MAHSEAMLES.NS,552.05,73974284288.0,47884853248.0,5.262,9.436752,1.1267867,99000000.0,0.151,5471337472.0,16.198,-0.103,0.15131,0.12532,0.031
M&MFIN.NS,341.55,474546864128.0,1493278916608.0,,18.023745,1.8991987,1079295868928.0,435.079,,9.096,0.241,0.2854,0.109919995,0.259
M&M.NS,3628.0,4353768030208.0,5118393057280.0,15.459,28.720709,4.8895273,1297657364480.0,132.29,62881312768.0,1.348,0.212,0.08004,0.17235,0.393
MANAPPURAM.NS,279.3,236409208832.0,594122833920.0,,54.02321,1.879732,383664291840.0,301.609,,70.586,-0.309,0.12765999,0.03363,0.625
MRPL.NS,151.04,264712503296.0,368736993280.0,9.208,25.513512,1.9874206,108240396288.0,81.274,30677391360.0,1.023,-0.093,0.01196,0.08091,0.398
MANKIND.NS,2165.8,894053187584.0,938281795584.0,29.059,50.90012,5.8493557,83686498304.0,53.892,10558162944.0,1.143,0.202,0.12925,0.13463001,0.283
MARICO.NS,728.9,943559147520.0,929890762752.0,43.271,56.804363,23.315632,5750000128.0,13.671,13373750272.0,1.901,0.307,0.13583,0.37022,0.132
MARUTI.NS,16249.0,5108727283712.0,4960995508224.0,25.213,34.619484,5.121825,999000000.0,0.1,64021250048.0,0.916,0.131,0.09201,0.1565,0.233
MFSL.NS,1703.9,588041093120.0,598761734144.0,78.374,357.96216,11.192123,14372200448.0,22.445,,,0.087,0.00567,,0.623
MAXHEALTH.NS,1082.8,1053703208960.0,1081921896448.0,51.891,77.96976,10.543943,32750200832.0,32.579,-661750016.0,0.793,0.251,0.17089,0.14397,0.13
MAZDOCK.NS,2463.0,994082553856.0,853985853440.0,45.278,42.605083,11.150347,18400000.0,0.021,-23117250560.0,1.399,0.063,0.19658001,0.28816998,0.647
METROPOLIS.NS,1920.0,99554549760.0,100953202688.0,41.146,62.76561,6.941231,2008276992.0,13.916,1491487872.0,1.161,0.227,0.10667,0.12077,-0.088
MINDACORP.NS,584.8,137639051264.0,151952605184.0,26.022,52.542675,5.635812,15362100224.0,62.969,233875008.0,0.926,0.19,0.04855,0.11748999,0.469
MSUMI.NS,44.96,298159505408.0,296235040768.0,31.936,48.344086,16.13783,2527300096.0,13.718,4001237504.0,1.569,0.185,0.06123,0.35456002,-0.114
MOTILALOFS.NS,836.55,502583853056.0,578057076736.0,,25.373066,3.8997998,156537602048.0,121.038,,4.79,-0.387,0.30991,0.16871001,-0.04
MPHASIS.NS,2895.1,551068106752.0,537240829952.0,20.625,30.887655,5.72437,19790319616.0,20.567,24749946880.0,1.207,0.103,0.11976,0.19518,0.508
MCX.NS,9981.0,508060991488.0,480053821440.0,52.531,73.32501,16.308878,7400000.0,0.024,6751750144.0,1.23,0.289,0.48363,0.25017,0.512
MUTHOOTFIN.NS,3765.4,1512409530368.0,2652004417536.0,,20.598467,4.6057687,1227048091648.0,367.438,,125.102,0.635,0.49355,0.23806,0.648
NATCOPHARM.NS,916.85,164082548736.0,126002610176.0,7.477,10.667211,1.8971586,2607000064.0,3.012,786000000.0,4.098,-0.006,0.35049,0.19437,0.177
NBCC.NS,107.38,289925988352.0,238665711616.0,33.534,48.369366,10.826779,3228000.0,0.011,35175376.0,1.197,0.227,0.04637,0.22934,0.73
NCC.NS,160.45,100737982464.0,124481232896.0,6.753,12.693829,1.3392596,29227599872.0,37.893,-10747074560.0,1.354,-0.126,0.03745,0.11417,0.623
NHPC.NS,76.25,765933912064.0,1269637185536.0,21.124,28.136532,1.8515371,472331091968.0,100.41,-86840909824.0,1.076,0.103,0.28244,0.07776,0.225
NLCINDIA.NS,235.25,326412075008.0,569821364224.0,10.592,12.368559,1.4984554,243680395264.0,104.679,-26487336960.0,0.815,0.142,0.16077,0.1238,0.5
NMDC.NS,75.16,661139226624.0,585345662976.0,6.603,9.406759,2.0359185,36395700224.0,11.21,-22528536576.0,2.872,0.297,0.26326,0.23085,0.738
NSLNISP.NS,40.5,118689538048.0,163560095744.0,-55.134,,0.91510946,53099298816.0,40.766,23481161728.0,0.571,1.227,-0.11273,-0.09648,0.083
NTPCGREEN.NS,90.48,762414301184.0,981237891072.0,47.707,109.012054,4.066517,218255998976.0,115.845,-122846683136.0,0.231,0.215,0.2508,0.044660002,
NTPC.NS,322.6,3128144691200.0,5659102281728.0,10.41,17.269808,1.6274765,2548760313856.0,127.753,-132738203648.0,0.867,0.002,0.12718001,0.13104,0.234
NH.NS,1885.0,382843191296.0,382505222144.0,28.197,45.30161,9.431036,23402180608.0,57.614,-32311250.0,2.146,0.174,0.14178,0.23226999,0.115
NATIONALUM.NS,263.0,483214852096.0,404263763968.0,4.769,7.9050193,2.433743,558800000.0,0.282,48879239168.0,2.948,0.073,0.33905998,0.34459,0.873
NAVA.NS,565.3,160054345728.0,166414237696.0,9.653,17.523249,1.9770088,15957984256.0,15.987,4901970944.0,7.757,0.07,0.22955,0.13036,0.281
NAVINFLUOR.NS,6078.0,311431397376.0,306911969280.0,39.227,68.55402,8.617463,11767199744.0,32.677,-2974712576.0,2.748,0.463,0.15912,0.14631,0.155
NESTLEIND.NS,1219.0,2350615101440.0,2333002694656.0,49.752,79.361984,53.00922,4768500224.0,10.753,18075625472.0,0.854,0.106,0.14073,0.70792,0.252
NETWEB.NS,3166.0,179366150144.0,171260002304.0,89.714,132.30255,30.988176,179830000.0,3.108,1366516224.0,2.125,0.21,0.099709995,0.2609,2.06
NEULANDLAB.NS,16207.0,208172498944.0,210074779648.0,63.896,86.465004,12.83434,2645275904.0,16.327,-1593986816.0,1.964,0.654,0.15661,0.15928,0.241
NEWGEN.NS,841.25,118353698816.0,187867660288.0,49.693,36.816193,12.44287,518316000.0,3.254,2095383296.0,4.372,0.146,0.21435,0.22743,0.768
NAM-INDIA.NS,826.85,526697496576.0,515740205056.0,29.187,39.983074,11.994459,849299968.0,1.938,6781262336.0,3.333,0.004,0.50554,0.31588,0.355
NIVABUPA.NS,73.9,136398102528.0,125710114816.0,55.643,147.8,3.5889468,2500000000.0,6.577,22718478336.0,0.379,0.137,0.012259999,0.0241,
NUVAMA.NS,7270.0,264346157056.0,186068713472.0,,26.311028,6.911165,90101596160.0,237.583,,7.155,0.055,0.28995,0.29478002,0.354
NUVOCO.NS,331.65,118606102528.0,175468429312.0,11.36,43.239895,1.2901355,58037501952.0,63.213,-6687750144.0,0.413,0.083,0.025390001,0.030280001,0.174
OBEROIRLTY.NS,1643.9,598046867456.0,590502363136.0,19.591,26.738777,3.5705132,30270799872.0,18.083,1695329792.0,4.294,0.348,0.41914,0.1416,0.342
ONGC.NS,239.0,3007314395136.0,4605730619392.0,4.797,8.2074175,0.8168455,1760177946624.0,43.805,391619936256.0,0.874,-0.003,0.05582,0.10977,0.257
OIL.NS,405.3,659264110592.0,960355434496.0,8.021,11.040588,1.172414,358541492224.0,58.174,-26049787904.0,1.557,0.158,0.17838,0.11196,0.302
OLAELEC.NS,35.36,148367245312.0,153046007808.0,-8.228,,3.5832996,31210000384.0,71.879,-19888750592.0,1.726,-0.432,-0.71834,-0.41777,
OLECTRA.NS,1186.5,97401266176.0,99572391936.0,36.204,68.18966,8.672992,3662873088.0,32.542,-1375885952.0,1.599,0.254,0.072569996,0.13527,0.209
PAYTM.NS,1283.7,822311256064.0,679109984256.0,451.836,,5.325296,1600000000.0,1.045,35287875584.0,2.477,0.242,-0.07822,-0.04086,-0.655
ONESOURCE.NS,1652.1,189328932864.0,204157255680.0,41.699,465.38028,3.1888652,12947330048.0,21.928,,1.018,-0.314,0.02626,,
OFSS.NS,8011.5,697232719872.0,636097200128.0,20.812,29.506115,9.4525175,340000000.0,0.461,19252625408.0,5.613,0.069,0.33555,0.32889998,0.149
POLICYBZR.NS,1926.8,888999378944.0,864423313408.0,408.653,192.68001,13.057209,3291500032.0,4.859,449400000.0,4.109,0.382,0.08012,0.07165,0.425
PCBL.NS,315.0,123958042624.0,166553845760.0,15.018,34.239132,3.0722415,52523900928.0,135.218,-995537472.0,0.872,0.0,0.04165,0.09061,0.347
PGEL.NS,550.15,156595126272.0,165238554624.0,39.281,60.656013,5.8129587,5904653824.0,20.346,-11389101056.0,2.061,-0.024,0.05053,0.12576,-0.4
PIIND.NS,3367.5,510860623872.0,471125196800.0,23.726,33.7594,4.7184944,2422000128.0,2.237,-3626625024.0,4.052,-0.157,0.20273,0.14849,0.374
PNBHOUSING.NS,891.25,232178253824.0,670380261376.0,,10.813517,1.2911297,470663790592.0,261.907,,4.476,0.211,0.59555,0.127,0.035
PTCIL.NS,18797.0,281814958080.0,277858385920.0,363.936,459.0232,19.89309,1792802048.0,12.655,-4354186240.0,4.924,0.722,0.15126,0.045,0.067
PVRINOX.NS,1056.7,103825809408.0,171871846400.0,17.261,,1.458332,74662002688.0,105.057,9985500160.0,0.483,0.124,-0.00598,-0.00545,0.289
PAGEIND.NS,37010.0,412825976832.0,406882615296.0,38.566,53.93471,29.294827,2681272064.0,19.029,6425676288.0,1.622,0.036,0.15228,0.5272,0.01
PATANJALI.NS,533.3,581650087936.0,585156722688.0,29.8,40.67887,4.789489,28952231936.0,23.903,-18640445440.0,2.101,0.202,0.03807,0.12432,-0.241
PERSISTENT.NS,6108.0,951015505920.0,925541335040.0,38.855,57.196365,13.2939825,4039379968.0,5.651,18186725376.0,2.454,0.236,0.12597,0.26198998,0.456
PETRONET.NS,270.05,405365587968.0,311756980224.0,6.653,11.044989,1.9182003,25046599680.0,11.871,24548112384.0,4.008,-0.155,0.07735,0.18330999,0.232
PFIZER.NS,5014.7,229411160064.0,203740086272.0,26.175,27.339987,5.9610744,898300032.0,2.334,5446987264.0,5.385,0.091,0.35334998,0.2209,0.122
PHOENIXLTD.NS,1733.7,619968135168.0,700039168000.0,29.862,57.67465,5.74598,49101713408.0,33.657,16740752384.0,0.769,0.215,0.2719,0.100959994,0.278
PIDILITIND.NS,1465.0,1490951077888.0,1456469573632.0,46.213,67.07875,15.610349,4427700224.0,4.539,16949149696.0,2.149,0.099,0.16113001,0.24080999,0.326
PPLPHARMA.NS,172.02,227997466624.0,267277271040.0,24.529,,2.81866,48509501440.0,60.083,4184262400.0,1.431,-0.088,-0.00266,-0.0029699998,0.129
POLYMED.NS,1879.9,190545707008.0,182935617536.0,40.337,52.687782,6.529471,2395548928.0,8.169,-1944842112.0,3.885,0.057,0.21142,0.13104999,0.026
POLYCAB.NS,7206.5,1084838510592.0,1049786580992.0,29.167,44.274128,10.239967,2231190016.0,2.087,8382611456.0,1.941,0.178,0.10009,0.25748,0.446
POONAWALLA.NS,451.2,364380913664.0,708365123584.0,,159.43463,3.5693946,359791591424.0,364.414,,1049.45,0.613,0.105129994,0.024360001,0.198
PFC.NS,341.2,1126269190144.0,11221325578240.0,,4.5475144,0.88670826,10064984276992.0,603.342,,36.447,0.12,0.49472,0.21113001,0.602
POWERGRID.NS,265.55,2469310234624.0,3766020997120.0,9.768,17.184465,2.4922323,1396777156608.0,141.186,-45036511232.0,0.889,0.018,0.32917,0.15918,0.187
PRAJIND.NS,306.0,56346275840.0,53652123648.0,31.358,53.31011,4.3191056,2097410944.0,16.118,-1623707136.0,1.419,0.031,0.03304,0.08116,0.193
PREMIERENE.NS,834.6,375432675328.0,382929600512.0,17.425,33.53154,10.823919,16221639680.0,46.964,-2726713856.0,1.789,0.203,0.17081,0.41425,
PRESTIGE.NS,1645.9,708938891264.0,807001587712.0,31.765,94.15904,4.4792247,145103994880.0,89.294,-19814625280.0,1.207,0.055,0.09663,0.0505,0.16
PGHH.NS,12600.0,409005260800.0,401097293824.0,30.727,57.142857,43.919426,20600000.0,0.221,,1.37,0.013,0.21191,,0.177
PNB.NS,117.52,1351488634880.0,961916764160.0,,7.919137,0.9494034,1091620569088.0,,,,-0.056,0.32981,0.12666,0.463
RRKABEL.NS,1406.0,159003410432.0,163473932288.0,26.837,39.32867,6.7956195,3926219008.0,16.78,-1809257856.0,1.847,0.195,0.048850004,0.18472,1.623
RBLBANK.NS,309.5,190954487808.0,228382408704.0,,34.853603,1.1730505,152253202432.0,,,,0.032,0.073649995,0.03422,0.708
RECLTD.NS,342.05,901177409536.0,6184326135808.0,,5.22453,1.0786817,5560553963520.0,666.088,,136.89,0.104,0.72729,0.21997,0.302
RHIM.NS,441.8,91325440000.0,94437924864.0,22.403,58.131577,2.2779067,4146775040.0,10.315,360279136.0,2.615,0.194,0.04009,0.03967,0.14
RITES.NS,224.55,107923963904.0,99880189952.0,18.488,26.232475,4.1040683,78400000.0,0.285,3397362432.0,1.587,0.015,0.18438,0.16570999,0.065
RADICO.NS,3196.2,428038389760.0,438224584704.0,53.911,93.29247,14.362362,6235012096.0,20.939,3245449728.0,1.654,0.338,0.081750005,0.16516,0.424
RVNL.NS,312.45,652903972864.0,677625069568.0,71.132,57.435665,6.8437195,49806901248.0,52.108,-36523151360.0,2.115,0.055,0.056700002,0.12377,1.111
RAILTEL.NS,328.45,105464487936.0,99852828672.0,18.038,32.910824,4.9902763,705900032.0,3.341,-466087488.0,1.372,0.128,0.085030004,0.16031,0.5
RAINBOW.NS,1361.8,138343743488.0,141284425728.0,31.457,54.867046,9.110554,8161260032.0,53.24,583912512.0,3.492,0.065,0.16206,0.17687,0.191
RKFORGE.NS,524.35,94881292288.0,120373223424.0,25.342,42.491894,3.0628097,27218507776.0,88.73,-9078409216.0,1.056,-0.139,0.056539997,0.07421,0.141
RCF.NS,138.66,76497076224.0,93624500224.0,12.494,24.455027,1.553892,27780599808.0,56.443,-8573887488.0,1.241,0.234,0.018480001,0.06548,0.291
REDINGTON.NS,275.7,215535206400.0,231904542720.0,10.161,12.463834,2.3920457,26086699008.0,27.764,-15601149952.0,1.415,0.168,0.01597,0.22066,0.808
RELIANCE.NS,1536.0,20778523295744.0,24044810272768.0,14.026,24.973976,2.3690057,3745930018816.0,35.651,251736244224.0,1.1,0.1,0.08314,0.09717,0.309
RELINFRA.NS,133.39,54447288320.0,,,1.9009548,0.31826055,,,54502674432.0,0.268,0.096,0.14376001,0.35316002,1.165
RPOWER.NS,33.89,140192874496.0,275663749120.0,10.005,57.440678,0.8491819,152315101184.0,92.224,-1965312512.0,0.488,0.122,0.03895,0.01938,1.045
SBFC.NS,105.48,115581075456.0,171600592896.0,,29.54622,3.3519766,61756518400.0,179.825,,391.324,0.286,0.42638,0.12254,0.663
SBICARD.NS,874.25,831890391040.0,1282337800192.0,,43.365574,5.624972,492245090304.0,332.839,,21.127,0.201,0.17877,0.13762,0.341
SBILIFE.NS,2013.0,2019002548224.0,2003658342400.0,72.372,82.56768,11.037636,0.0,,32364961792.0,1.168,-0.428,0.02359,0.14199,0.356
SJVN.NS,72.35,284320661504.0,556720193536.0,25.816,49.89655,1.9579984,295670185984.0,202.556,-49263538176.0,0.646,0.006,0.17826,0.03809,0.323
SKFINDUS.NS,2664.4,131722510336.0,,,,,,,,,,0.0,,
SKFINDIA.NS,1796.2,88800468992.0,81642086400.0,10.736,16.56858,3.2300875,33500000.0,0.122,-132237504.0,2.566,0.052,0.10599,0.21259001,0.132
SRF.NS,2929.0,868228333568.0,908426149888.0,27.907,53.713554,6.543643,46049701888.0,34.719,7906449920.0,1.111,0.063,0.105979994,0.12807,0.097
SAGILITY.NS,49.89,233551478784.0,235242127360.0,17.295,29.175438,2.6545706,12319529984.0,13.851,7687406080.0,1.841,0.252,0.12845999,0.09561,
SAILIFE.NS,889.9,187183415296.0,186991280128.0,37.548,63.97556,8.226941,4175610112.0,18.397,-3117329920.0,1.921,0.359,0.13949999,0.17278999,
SAMMAANCAP.NS,144.23,117783617536.0,526952726528.0,,6.523292,0.524694,455390494720.0,203.545,,141.271,,0.39986,0.05994,0.719
MOTHERSON.NS,119.88,1265266589696.0,1386009853952.0,13.531,41.770035,3.4229913,197774704640.0,49.937,11517325312.0,1.086,0.08,0.028010001,0.09554,0.945
SAPPHIRE.NS,234.62,75402854400.0,87843471360.0,30.135,,5.3793416,13797279744.0,99.226,1124443776.0,0.714,0.067,-0.00027000002,0.00017000001,-0.091
SARDAEN.NS,488.35,172085395456.0,177934172160.0,10.0,16.18661,2.4590743,26805499904.0,37.709,2308037376.0,3.977,0.319,0.18518999,0.16198999,0.481
SAREGAMA.NS,366.45,70418055168.0,64814710784.0,22.607,34.734596,4.234507,30800000.0,0.185,-514518016.0,2.374,-0.049,0.17471,0.12576,0.681
SCHAEFFLER.NS,3829.0,598486745088.0,590262566912.0,36.215,56.020485,10.993271,549900032.0,1.012,,,0.15,0.117089994,,-0.145
SCHNEIDER.NS,707.5,169166110720.0,174295941120.0,46.197,65.56997,25.678717,5271399936.0,80.084,661662528.0,1.768,0.084,0.09526,0.48913,-0.057
SCI.NS,223.5,104106082304.0,124019531776.0,7.839,12.956522,1.2206378,28113700864.0,32.955,-5228789760.0,1.985,-0.077,0.15182,0.096920006,0.325
SHREECEM.NS,26175.0,945391403008.0,880039362560.0,19.352,54.95717,4.208477,21419599872.0,9.525,11480699904.0,2.106,0.174,0.085319996,0.07935,0.145
SHRIRAMFIN.NS,842.1,1584294920192.0,3146434215936.0,,16.092106,2.6137319,1691345485824.0,279.083,,4.117,0.113,0.52085,0.17323999,0.495
SHYAMMETL.NS,791.25,220148236288.0,231269842944.0,11.067,22.782896,2.009294,11174700032.0,9.426,-6106762752.0,1.118,0.226,0.05787,0.08509,0.277
ENRIN.NS,2936.7,1045819097088.0,1033899868160.0,68.316,95.16202,23.869982,1476000000.0,3.369,29798750208.0,1.968,0.273,0.14056,0.28957,
SIEMENS.NS,3165.0,1127193378816.0,1065829400576.0,37.662,66.80034,9.134489,1452999936.0,1.098,,,-0.2,0.10742,,0.354
SIGNATURE.NS,1114.5,156718022656.0,165812977664.0,1471.016,200.8108,21.542892,25891950592.0,356.187,-361047488.0,1.15,-0.548,0.030469999,0.113929994,0.538
SOBHA.NS,1423.9,152231346176.0,146503647232.0,53.582,101.41738,3.3033905,10624560128.0,23.042,1353224960.0,1.202,0.508,0.03147,0.03664,0.344
SOLARINDS.NS,12415.0,1123434102784.0,1133885259776.0,53.66,85.18594,21.960976,8755900416.0,16.425,-6593212416.0,1.884,0.214,0.15767999,0.30285,-0.216
SONACOMS.NS,488.1,303683108864.0,290933342208.0,31.829,49.503044,5.310168,2113859968.0,3.604,-10123515904.0,4.162,0.234,0.16452,0.10786,0.115
SONATSOFTW.NS,343.35,95498625024.0,100832280576.0,15.654,21.553673,5.377868,7389100032.0,41.695,-1739250048.0,1.113,-0.023,0.04192,0.27018,0.35
STARHEALTH.NS,467.25,274842583040.0,220356001792.0,27.501,51.916668,3.613745,4700000256.0,6.183,48066211840.0,1.746,-0.412,0.03337,0.07294,0.102
SBIN.NS,962.0,8879854321664.0,11421812260864.0,,10.697209,1.5597513,6503032946688.0,,,,0.081,0.22619,0.15675999,0.312
SAIL.NS,128.92,533378465792.0,859824062464.0,8.146,20.82714,0.9171036,336631791616.0,57.763,93055426560.0,0.846,0.082,0.02402,0.044120003,1.165
SUMICHEM.NS,454.85,227036430336.0,216984420352.0,33.883,41.921658,7.1033688,582480000.0,1.82,-1356183808.0,3.121,-0.059,0.16404,0.18354,-0.013
SUNPHARMA.NS,1795.2,4307285966848.0,4058799931392.0,25.905,41.202663,5.532851,52151001088.0,6.675,41626075136.0,2.57,0.089,0.19012,0.14216,0.25
SUNTV.NS,555.0,218894303232.0,158229544960.0,8.35,13.521178,1.7710699,1462599936.0,1.183,-3912237568.0,8.505,0.391,0.36834,0.13670999,0.072
SUNDARMFIN.NS,4721.3,520348762112.0,1070131118080.0,,26.415823,3.4392755,570429931520.0,377.039,,7.799,0.146,0.46823,0.14267999,0.076
SUNDRMFAST.NS,929.15,195240771584.0,204012257280.0,21.685,35.26186,4.819168,7411800064.0,18.193,1630262528.0,2.046,0.024,0.09193,0.14374,0.018
SUPREMEIND.NS,3209.9,408028610560.0,419019882496.0,31.239,48.196697,7.1262383,3220499968.0,5.629,-1443987456.0,1.902,0.053,0.08045,0.15379,0.25
SUZLON.NS,52.05,713872310272.0,703994068992.0,28.65,22.532467,9.1108,3969999872.0,5.051,-1239487488.0,1.609,0.847,0.23117,0.50545,1.089
SWANCORP.NS,452.0,141698088960.0,116557750272.0,-18.639,32.03402,1.2269973,25432135680.0,28.231,-28916430848.0,2.244,0.103,0.11346,0.06622,-0.475
SWIGGY.NS,403.8,937635217408.0,909508083712.0,-24.465,,9.805731,24910000128.0,25.426,-29620563968.0,2.646,0.544,-0.22027999,-0.49398,
SYNGENE.NS,635.0,255335333888.0,247775576064.0,24.778,54.553265,5.3885255,5816000000.0,12.283,1881374976.0,1.72,0.022,0.124960005,0.10256,0.005
SYRMA.NS,736.8,141963739136.0,133219622912.0,35.326,65.60998,4.8847427,3315539968.0,11.483,-3684518656.0,1.801,0.376,0.05874,0.10467,-0.159
TBOTEK.NS,1653.2,175936749568.0,166464585728.0,53.888,74.36797,12.748303,7187060224.0,51.855,649227520.0,1.315,0.259,0.12295,0.19449,
TVSMOTOR.NS,3611.0,1714932809728.0,1986536013824.0,27.848,65.87012,21.143047,315892891648.0,346.085,-7111587328.0,1.081,0.238,0.053590003,0.31233,-0.058
TATACHEM.NS,755.15,192379207680.0,265233006592.0,14.454,95.58861,0.8612726,74950000640.0,32.125,-5723749888.0,1.362,-0.031,0.01497,0.016449999,0.325
TATACOMM.NS,1775.9,506131513344.0,640883097600.0,15.778,35.313183,17.781227,133309898752.0,467.533,13002324992.0,0.457,0.058,0.06916,0.61891997,0.559
TCS.NS,3186.0,11527226654720.0,11171444817920.0,16.693,23.34066,10.832351,109320003584.0,10.173,392652488704.0,2.433,0.024,0.19186,0.47355998,0.325
TATACONSUM.NS,1152.2,1140299005952.0,1144194465792.0,48.913,83.49275,5.608914,25761099776.0,11.869,11470062592.0,1.539,0.178,0.07248,0.064840004,0.363
TATAELXSI.NS,4928.5,307179257856.0,291970351104.0,35.89,45.85931,11.3612,1691011968.0,6.257,6051253760.0,4.378,-0.039,0.18178,0.25846002,0.518
TATAINVEST.NS,712.5,360797962240.0,8521600000.0,3.038,114.0,1.1333468,0.0,,2101487360.0,631.547,0.082,1.0962,0.01026,0.044
TMPV.NS,343.4,2526597087232.0,1558919380992.0,5.138,11.017657,1.1414888,672579977216.0,56.134,174364999680.0,0.898,-0.287,0.22034,0.0995,0.728
TATAPOWER.NS,381.2,1218376892416.0,1872616357888.0,13.446,30.039404,3.2173936,700831825920.0,156.16,-69710749696.0,0.749,-0.01,0.061339997,0.11721,0.418
TATASTEEL.NS,164.01,2045507665920.0,2902292168704.0,10.572,30.093578,2.1517692,956431269888.0,99.699,94074462208.0,0.742,0.089,0.0307,0.071729995,0.824
TATATECH.NS,648.85,263266729984.0,253180837888.0,31.457,38.055717,7.3800044,2467300096.0,6.918,4629174784.0,1.579,0.021,0.13408,0.20447001,0.707
TTML.NS,50.3,98332860416.0,305012342784.0,57.897,,-0.49835533,205017595904.0,,-7324899840.0,0.022,-0.167,-1.04615,,0.382
TECHM.NS,1561.9,1382945390592.0,1325450657792.0,18.608,30.89201,5.0321865,19544000512.0,6.992,55086751744.0,1.831,0.051,0.08303001,0.16267,0.249
TECHNOE.NS,1088.1,126545567744.0,100700528640.0,23.982,28.306452,3.2511458,612259968.0,1.573,-5106548224.0,4.736,0.911,0.16685,0.12051,0.754
TEJASNET.NS,467.7,82675392512.0,120412864512.0,-83.308,,2.4885206,42962198528.0,129.357,-13102737408.0,1.274,-0.907,-0.08122,-0.11564,-0.391
NIACL.NS,159.61,263037288448.0,108482371584.0,10.555,22.639715,0.60047555,0.0,,63021686784.0,0.385,0.247,0.02478,0.02454,1.062
RAMCOCEM.NS,1032.2,243900989440.0,287174557696.0,20.676,66.08195,3.2290962,46991499264.0,62.153,-111475000.0,0.56,0.095,0.04281,0.04995,-0.185
THERMAX.NS,2769.9,312022499328.0,305466179584.0,34.972,52.55977,6.177173,18108000256.0,35.784,-7816200192.0,1.334,-0.053,0.05806,0.121829994,0.087
TIMKEN.NS,3004.0,225957085184.0,224589430784.0,38.018,49.570957,8.166461,152200000.0,0.55,-1339016192.0,3.415,0.027,0.14244,0.16996999,0.295
TITAGARH.NS,761.7,102581002240.0,105813573632.0,30.308,52.56729,4.056019,6372199936.0,25.09,-3170737408.0,1.847,-0.244,0.05802,0.07995,0.76
TITAN.NS,3827.6,3395254484992.0,3661170212864.0,56.308,82.26091,26.511148,285529997312.0,223.018,-59323748352.0,1.256,0.288,0.06081,0.36639,0.188
TORNTPHARM.NS,3777.7,1278545362944.0,1305374752768.0,33.066,59.61338,15.1430855,28220000256.0,33.4,9873600512.0,1.396,0.143,0.17474002,0.26832,0.131
TORNTPOWER.NS,1292.8,651446517760.0,729812631552.0,13.738,21.571835,3.4636025,104311799808.0,53.715,-11060137984.0,1.265,0.098,0.10406,0.18314,0.403
TARIL.NS,235.9,70809116672.0,72144691200.0,20.43,28.18399,5.2624536,3658899968.0,26.723,-129580872.0,1.869,-0.003,0.112440005,0.20504999,-0.388
TRENT.NS,4003.6,1423564341248.0,1444449878016.0,56.405,87.39577,23.328285,23485700096.0,37.79,5939362304.0,1.238,0.159,0.08732,0.2938,0.098
TRIDENT.NS,27.78,141549666304.0,150095003648.0,15.594,32.302326,3.0383902,16046999552.0,34.742,5046987264.0,1.632,0.043,0.06318,0.09979,-0.094
TRIVENI.NS,348.5,76285943808.0,83385532416.0,16.339,29.236576,2.4783983,7680900096.0,24.554,-3530162432.0,2.082,0.144,0.042150002,0.08538,0.306
TRITURBINE.NS,521.5,165962858496.0,159937544192.0,38.866,48.15328,12.748429,384000000.0,2.946,129316248.0,2.106,0.01,0.17820999,0.2864,0.174
TIINDIA.NS,2605.9,504264687616.0,554119200768.0,27.571,80.62809,6.7040725,31472199680.0,27.724,-12014387200.0,1.785,0.125,0.03089,0.11186,-0.312
UCOBANK.NS,29.07,364644532224.0,296833286144.0,,14.11165,1.1325386,214738206720.0,,,,0.01,0.21152,0.08405,0.696
UNOMINDA.NS,1234.8,712442380288.0,733220896768.0,36.292,65.12659,11.414415,28517099520.0,43.136,-5253499904.0,1.329,0.134,0.06073,0.19128,0.253
UPL.NS,739.2,624205299712.0,914492162048.0,12.36,28.49653,1.8987781,300219990016.0,79.613,36052500480.0,1.248,0.084,0.045879997,0.06831,0.699
UTIAMC.NS,1119.0,143620734976.0,144591994880.0,16.104,24.475065,3.2692628,1490200064.0,3.024,5402162688.0,1.735,-0.223,0.33622003,0.13337,0.527
ULTRACEMCO.NS,11413.0,3356956557312.0,3583511887872.0,24.137,46.049873,4.660481,252149104640.0,33.192,26059788288.0,0.685,0.254,0.08931,0.10519,0.384
UNIONBANK.NS,150.18,1146414825472.0,687741075456.0,,6.2006607,0.9113638,691966181376.0,,,,-0.018,0.3541,0.15831,0.996
UBL.NS,1648.6,435898318848.0,443809464320.0,58.616,119.63715,10.032862,7768699904.0,17.864,-289587488.0,1.338,-0.03,0.03965,0.08547,0.206
UNITDSPR.NS,1439.1,1048904204288.0,997888950272.0,45.922,62.2179,12.161956,4120000000.0,4.898,16822500352.0,1.971,0.116,0.12933,0.20406,0.176
USHAMART.NS,425.95,129739341824.0,130700107776.0,21.999,30.688042,4.3658967,2642099968.0,8.912,2824075008.0,3.057,0.018,0.11382,0.15207,0.308
VGUARD.NS,330.9,144290267136.0,146246303744.0,32.537,50.21244,6.620516,1507699968.0,6.884,1126475008.0,1.853,0.036,0.05175,0.14097999,0.085
DBREALTY.NS,115.94,62515359744.0,71545708544.0,78.729,1656.2858,1.5143876,9952893952.0,24.791,6203753984.0,1.237,0.731,0.01179,0.00298,-1.154
VTL.NS,445.7,128908607488.0,130982182912.0,9.944,15.047265,1.2493799,14787099648.0,14.465,-15767737344.0,5.254,-0.009,0.08558,0.08565,-0.067
VBL.NS,472.25,1597144301568.0,1600802783232.0,30.482,53.971428,8.697213,21382520832.0,11.554,,,0.019,0.14029,,-0.12
MANYAVAR.NS,581.1,141312491520.0,143729229824.0,29.125,36.593197,8.197669,4637550080.0,26.948,3352563712.0,3.6,-0.018,0.27084,0.23729,-0.339
VEDL.NS,530.0,2069811429376.0,2817243742208.0,6.309,17.39987,5.1492305,850650005504.0,156.909,64649998336.0,0.733,0.055,0.07722,0.35051998,0.812
VENTIVE.NS,709.1,165604343808.0,197801394176.0,20.13,71.84397,3.3277798,25779079168.0,42.178,,1.683,0.897,0.122609995,,
VIJAYA.NS,1005.0,103238557696.0,105143672832.0,40.566,68.22811,11.943953,3652662016.0,42.224,1343132032.0,1.999,0.102,0.20676,0.19088,-0.128
VMM.NS,130.1,607957745664.0,610072461312.0,47.227,82.86624,8.705254,18707630080.0,27.12,7148588544.0,1.414,0.224,0.06236,0.115059994,
IDEA.NS,10.99,1192154497024.0,3459025207296.0,28.498,,-1.4435834,2332418113536.0,,-60482998272.0,0.457,0.023,-0.58577,,-0.011
VOLTAS.NS,1343.2,444444377088.0,450221834240.0,54.838,81.45543,7.021028,17550000128.0,27.449,-14659425280.0,1.472,-0.104,0.0387,0.08477,-0.082
WAAREEENER.NS,2878.0,827830501376.0,780700483584.0,19.486,30.669226,7.1982756,29406400512.0,25.128,-27337138176.0,1.409,0.697,0.15036,0.33703,
WELCORP.NS,788.9,208237379584.0,215488249856.0,10.78,9.609014,2.5437229,15453200384.0,18.258,-9932437504.0,1.312,0.325,0.13988,0.29615998,0.103
WELSPUNLIV.NS,138.33,132195418112.0,159846465536.0,16.995,37.386486,2.8616645,26845499392.0,54.975,4382362624.0,1.608,-0.15,0.0359,0.07546,-0.466
WHIRLPOOL.NS,916.4,116270809088.0,35461771264.0,7.821,33.2029,1.424189,2609600000.0,6.334,767324992.0,2.428,-0.038,0.04496,0.088599995,0.325
WIPRO.NS,259.57,2718951014400.0,2353895309312.0,13.705,20.2,3.1580548,161637007360.0,18.738,126163623936.0,2.256,0.018,0.15057999,0.16108999,0.58
WOCKPHARMA.NS,1335.1,216943296512.0,234113236992.0,58.675,,4.7405834,24560001024.0,50.369,-5601249792.0,1.616,-0.033,-0.00765,-0.011879999,0.849
YESBANK.NS,21.87,686226997248.0,985629917184.0,,24.300001,1.4042635,626510200832.0,,,,0.064,0.1907,0.05928,0.302
ZFCVINDIA.NS,14230.0,269908721664.0,254049632256.0,42.265,62.31935,7.912585,616009984.0,1.806,2908684800.0,5.901,0.003,0.124989994,0.15148,-0.294
ZEEL.NS,93.71,90010271744.0,72114569216.0,8.772,15.723154,0.7833188,2856000000.0,2.465,4050874880.0,6.807,-0.016,0.07191,0.05012,0.305
ZENTEC.NS,1358.0,122139279360.0,115275530240.0,37.09,49.131695,6.795402,179434000.0,0.976,2007036288.0,7.821,-0.282,0.30646,0.15868,-0.225
ZENSARTECH.NS,720.75,163889905664.0,144480911360.0,17.532,23.56162,3.8266323,1172999936.0,2.741,4929625088.0,3.711,0.087,0.12755999,0.17543,0.258
